{
  "intercept": 0.0036617320248506224,
  "ilvl": 0.007136980342577086,
  "lvlReq": 0.14646919187153618,
  "rarity": 0.010985186462346953,
  "renown": -0.00009536548696337179,
  "hand": 0.39141712844891347,
  "r2": 0.9941419578627289
}