{
  "intercept": 0.6542149247962163,
  "ilvl": 0.22044092388460315,
  "lvlReq": -0.2638157734245636,
  "rarity": 1.8970305958413198,
  "renown": 0,
  "hand": 0.18663553549418008,
  "r2": 0.0438516865412969
}